tempo, rssi, distancia, nivel_invasao, amostragem
15:35:21.970, -53, 0.5, 0, 3
15:35:24.970, -47, 0.5, 0, 3
15:35:27.970, -51, 0.5, 0, 3
15:35:30.974, -39, 0.5, 0, 3
15:35:33.972, -45, 0.5, 0, 3
15:35:36.973, -37, 0.5, 0, 3
15:35:40.004, -30, 0.5, 0, 3
15:35:43.002, -37, 0.5, 0, 3
15:35:46.003, -32, 0.5, 0, 3
15:35:49.006, -37, 0.5, 0, 3
15:35:52.010, -34, 0.5, 0, 3
15:35:55.014, -40, 0.5, 0, 3
15:35:58.011, -40, 0.5, 0, 3
15:36:01.015, -43, 0.5, 0, 3
15:36:04.015, -41, 0.5, 0, 3
15:36:07.015, -44, 0.5, 0, 3
15:36:10.024, -41, 0.5, 0, 3
15:36:13.022, -46, 0.5, 0, 3
15:36:16.023, -41, 0.5, 0, 3
15:36:19.028, -39, 0.5, 0, 3
15:36:22.026, -41, 0.5, 0, 3
15:36:25.033, -38, 0.5, 0, 3
15:36:28.036, -41, 0.5, 0, 3
15:36:31.037, -41, 0.5, 0, 3
15:36:34.062, -40, 0.5, 0, 3
15:36:37.065, -38, 0.5, 0, 3
15:36:40.061, -41, 0.5, 0, 3
15:36:43.066, -40, 0.5, 0, 3
15:36:46.063, -41, 0.5, 0, 3
15:36:49.063, -40, 0.5, 0, 3
15:36:52.064, -41, 0.5, 0, 3
15:36:55.067, -40, 0.5, 0, 3
15:36:58.073, -40, 0.5, 0, 3
15:37:01.077, -41, 0.5, 0, 3
15:37:04.079, -41, 0.5, 0, 3
15:37:07.086, -40, 0.5, 0, 3
15:37:10.089, -41, 0.5, 0, 3
15:37:13.091, -41, 0.5, 0, 3
15:37:16.094, -41, 0.5, 0, 3
15:37:19.100, -41, 0.5, 0, 3
15:37:22.099, -41, 0.5, 0, 3
15:37:25.099, -41, 0.5, 0, 3
15:37:28.099, -42, 0.5, 0, 3
15:37:31.098, -41, 0.5, 0, 3
15:37:34.100, -42, 0.5, 0, 3
15:37:37.098, -41, 0.5, 0, 3
15:37:40.101, -42, 0.5, 0, 3
15:37:43.138, -41, 0.5, 0, 3
15:37:46.139, -42, 0.5, 0, 3
15:37:49.138, -41, 0.5, 0, 3
15:37:52.138, -42, 0.5, 0, 3
15:37:55.141, -41, 0.5, 0, 3
15:37:58.139, -41, 0.5, 0, 3
15:38:01.141, -41, 0.5, 0, 3
15:38:04.141, -41, 0.5, 0, 3
15:38:07.141, -40, 0.5, 0, 3
15:38:10.140, -42, 0.5, 0, 3
15:38:13.143, -41, 0.5, 0, 3
15:38:16.146, -41, 0.5, 0, 3
15:38:19.146, -40, 0.5, 0, 3
15:38:22.151, -41, 0.5, 0, 3
15:38:25.158, -41, 0.5, 0, 3
15:38:28.159, -41, 0.5, 0, 3
15:38:31.157, -41, 0.5, 0, 3
15:38:34.164, -41, 0.5, 0, 3
15:38:37.164, -41, 0.5, 0, 3
15:38:40.168, -41, 0.5, 0, 3
15:38:43.171, -41, 0.5, 0, 3
15:38:46.173, -41, 0.5, 0, 3
15:38:49.178, -41, 0.5, 0, 3
15:38:52.211, -41, 0.5, 0, 3
15:38:55.212, -38, 0.5, 0, 3
15:38:58.215, -42, 0.5, 0, 3
15:39:01.217, -40, 0.5, 0, 3
15:39:04.220, -41, 0.5, 0, 3
15:39:07.223, -35, 0.5, 0, 3
15:39:10.227, -41, 0.5, 0, 3
15:39:13.231, -47, 0.5, 0, 3
15:39:16.233, -40, 0.5, 0, 3
15:39:19.238, -45, 0.5, 0, 3
15:39:22.243, -40, 0.5, 0, 3
15:39:25.245, -46, 0.5, 0, 3
15:39:28.245, -40, 0.5, 0, 3
15:39:31.248, -43, 0.5, 0, 3
15:39:34.248, -41, 0.5, 0, 3
15:39:37.249, -40, 0.5, 0, 3
15:39:40.248, -39, 0.5, 0, 3
15:39:43.254, -39, 0.5, 0, 3
15:39:46.256, -39, 0.5, 0, 3
15:39:49.260, -40, 0.5, 0, 3
15:39:52.265, -39, 0.5, 0, 3
15:39:55.269, -41, 0.5, 0, 3
15:39:58.270, -38, 0.5, 0, 3
15:40:01.272, -40, 0.5, 0, 3
15:40:04.276, -35, 0.5, 0, 3
15:40:07.270, -40, 0.5, 0, 3
15:40:10.275, -35, 0.5, 0, 3
15:40:13.278, -40, 0.5, 0, 3
15:40:16.284, -46, 0.5, 0, 3
15:40:19.287, -40, 0.5, 0, 3
15:40:22.288, -87, 0.5, 0, 3
15:47:19.998, -50, 0.5, 0, 1
15:47:20.999, -53, 0.5, 0, 1
15:47:21.999, -56, 0.5, 0, 1
15:47:23.000, -47, 0.5, 0, 1
15:47:24.002, -49, 0.5, 0, 1
15:47:25.004, -47, 0.5, 0, 1
15:47:26.005, -47, 0.5, 0, 1
15:47:27.006, -48, 0.5, 0, 1
15:47:28.007, -47, 0.5, 0, 1
15:47:29.007, -46, 0.5, 0, 1
15:47:30.007, -44, 0.5, 0, 1
15:47:31.008, -42, 0.5, 0, 1
15:47:32.010, -42, 0.5, 0, 1
15:47:33.012, -43, 0.5, 0, 1
15:47:34.012, -40, 0.5, 0, 1
15:47:35.009, -36, 0.5, 0, 1
15:47:36.010, -46, 0.5, 0, 1
15:47:37.007, -42, 0.5, 0, 1
15:47:38.006, -42, 0.5, 0, 1
15:47:39.005, -42, 0.5, 0, 1
15:47:40.006, -42, 0.5, 0, 1
15:47:41.005, -39, 0.5, 0, 1
15:47:42.004, -50, 0.5, 0, 1
15:47:43.001, -44, 0.5, 0, 1
15:47:44.000, -41, 0.5, 0, 1
15:47:45.002, -42, 0.5, 0, 1
15:47:46.002, -42, 0.5, 0, 1
15:47:47.030, -40, 0.5, 0, 1
15:47:48.029, -34, 0.5, 0, 1
15:47:49.030, -46, 0.5, 0, 1
15:47:50.030, -41, 0.5, 0, 1
15:47:51.031, -41, 0.5, 0, 1
15:47:52.031, -41, 0.5, 0, 1
15:47:53.032, -41, 0.5, 0, 1
15:47:54.034, -40, 0.5, 0, 1
15:47:55.032, -45, 0.5, 0, 1
15:47:56.032, -40, 0.5, 0, 1
15:47:57.032, -40, 0.5, 0, 1
15:47:58.028, -42, 0.5, 0, 1
15:47:59.026, -41, 0.5, 0, 1
15:48:00.027, -41, 0.5, 0, 1
15:48:01.029, -47, 0.5, 0, 1
15:48:02.025, -43, 0.5, 0, 1
15:48:03.028, -43, 0.5, 0, 1
15:48:04.030, -42, 0.5, 0, 1
15:48:05.031, -42, 0.5, 0, 1
15:48:06.031, -38, 0.5, 0, 1
15:48:07.032, -49, 0.5, 0, 1
15:48:08.033, -43, 0.5, 0, 1
15:48:09.035, -42, 0.5, 0, 1
15:48:10.036, -42, 0.5, 0, 1
15:48:11.036, -42, 0.5, 0, 1
15:48:12.038, -37, 0.5, 0, 1
15:48:13.040, -47, 0.5, 0, 1
15:48:14.036, -43, 0.5, 0, 1
15:48:15.068, -42, 0.5, 0, 1
15:48:16.038, -42, 0.5, 0, 1
15:48:17.072, -41, 0.5, 0, 1
15:48:18.041, -39, 0.5, 0, 1
15:48:19.076, -49, 0.5, 0, 1
15:48:20.046, -43, 0.5, 0, 1
15:48:21.049, -42, 0.5, 0, 1
15:48:22.047, -42, 0.5, 0, 1
15:48:23.079, -41, 0.5, 0, 1
15:48:24.080, -42, 0.5, 0, 1
15:48:25.080, -50, 0.5, 0, 1
15:48:26.083, -43, 0.5, 0, 1
15:48:27.083, -42, 0.5, 0, 1
15:48:28.084, -41, 0.5, 0, 1
15:48:29.085, -40, 0.5, 0, 1
15:48:30.086, -41, 0.5, 0, 1
15:48:31.087, -47, 0.5, 0, 1
15:48:32.086, -42, 0.5, 0, 1
15:48:33.087, -42, 0.5, 0, 1
15:48:34.086, -41, 0.5, 0, 1
15:48:35.085, -41, 0.5, 0, 1
15:48:36.085, -38, 0.5, 0, 1
15:48:37.085, -48, 0.5, 0, 1
15:48:38.085, -42, 0.5, 0, 1
15:48:39.087, -42, 0.5, 0, 1
15:48:40.089, -42, 0.5, 0, 1
15:48:41.085, -42, 0.5, 0, 1
15:48:42.083, -41, 0.5, 0, 1
15:48:43.082, -47, 0.5, 0, 1
15:48:44.080, -41, 0.5, 0, 1
15:48:45.083, -42, 0.5, 0, 1
15:48:46.085, -41, 0.5, 0, 1
15:48:47.087, -41, 0.5, 0, 1
15:48:48.088, -36, 0.5, 0, 1
15:48:49.087, -47, 0.5, 0, 1
15:48:50.087, -43, 0.5, 0, 1
15:48:51.087, -43, 0.5, 0, 1
15:48:52.119, -43, 0.5, 0, 1
15:48:53.087, -42, 0.5, 0, 1
15:48:54.121, -40, 0.5, 0, 1
15:48:55.090, -46, 0.5, 0, 1
15:48:56.124, -41, 0.5, 0, 1
15:48:57.124, -43, 0.5, 0, 1
15:48:58.095, -43, 0.5, 0, 1
15:48:59.127, -42, 0.5, 0, 1
15:49:00.098, -39, 0.5, 0, 1
15:49:01.129, -44, 0.5, 0, 1
15:49:02.099, -43, 0.5, 0, 1
15:49:03.132, -42, 0.5, 0, 1
15:49:04.101, -42, 0.5, 0, 1
15:49:05.134, -37, 0.5, 0, 1
15:49:06.135, -47, 0.5, 0, 1
15:49:07.134, -42, 0.5, 0, 1
15:49:08.134, -42, 0.5, 0, 1
15:49:09.133, -43, 0.5, 0, 1
15:49:10.133, -42, 0.5, 0, 1
15:49:11.135, -36, 0.5, 0, 1
15:49:12.137, -47, 0.5, 0, 1
15:49:13.144, -42, 0.5, 0, 1
15:49:14.144, -42, 0.5, 0, 1
15:49:15.145, -41, 0.5, 0, 1
15:49:16.145, -41, 0.5, 0, 1
15:49:17.144, -41, 0.5, 0, 1
15:49:18.140, -46, 0.5, 0, 1
15:49:19.136, -42, 0.5, 0, 1
15:49:20.138, -86, 0.5, 0, 1
15:53:14.252, -51, 1, 0, 3
15:53:17.254, -55, 1, 0, 3
15:53:20.259, -53, 1, 0, 3
15:53:23.261, -49, 1, 0, 3
15:53:26.263, -48, 1, 0, 3
15:53:29.265, -43, 1, 0, 3
15:53:32.267, -50, 1, 0, 3
15:53:35.270, -48, 1, 0, 3
15:53:38.275, -50, 1, 0, 3
15:53:41.275, -50, 1, 0, 3
15:53:44.275, -50, 1, 0, 3
15:53:47.277, -52, 1, 0, 3
15:53:50.312, -53, 1, 0, 3
15:53:53.315, -50, 1, 0, 3
15:53:56.319, -52, 1, 0, 3
15:53:59.318, -51, 1, 0, 3
15:54:02.321, -50, 1, 0, 3
15:54:05.322, -56, 1, 0, 3
15:54:08.325, -50, 1, 0, 3
15:54:11.330, -53, 1, 0, 3
15:54:14.326, -50, 1, 0, 3
15:54:17.326, -53, 1, 0, 3
15:54:20.331, -50, 1, 0, 3
15:54:23.336, -51, 1, 0, 3
15:54:26.337, -51, 1, 0, 3
15:54:29.337, -50, 1, 0, 3
15:54:32.339, -50, 1, 0, 3
15:54:35.339, -51, 1, 0, 3
15:54:38.347, -49, 1, 0, 3
15:54:41.347, -50, 1, 0, 3
15:54:44.351, -47, 1, 0, 3
15:54:47.357, -51, 1, 0, 3
15:54:50.360, -56, 1, 0, 3
15:54:53.365, -50, 1, 0, 3
15:54:56.368, -53, 1, 0, 3
15:54:59.375, -50, 1, 0, 3
15:55:02.379, -50, 1, 0, 3
15:55:05.381, -50, 1, 0, 3
15:55:08.376, -51, 1, 0, 3
15:55:11.379, -51, 1, 0, 3
15:55:14.375, -51, 1, 0, 3
15:55:17.376, -51, 1, 0, 3
15:55:20.411, -50, 1, 0, 3
15:55:23.411, -54, 1, 0, 3
15:55:26.413, -50, 1, 0, 3
15:55:29.414, -50, 1, 0, 3
15:55:32.416, -50, 1, 0, 3
15:55:35.419, -52, 1, 0, 3
15:55:38.423, -50, 1, 0, 3
15:55:41.424, -51, 1, 0, 3
15:55:44.431, -57, 1, 0, 3
15:55:47.431, -51, 1, 0, 3
15:55:50.435, -53, 1, 0, 3
15:55:53.426, -50, 1, 0, 3
15:55:56.429, -50, 1, 0, 3
15:55:59.433, -51, 1, 0, 3
15:56:02.438, -51, 1, 0, 3
15:56:05.443, -47, 1, 0, 3
15:56:08.442, -50, 1, 0, 3
15:56:11.445, -56, 1, 0, 3
15:56:14.449, -51, 1, 0, 3
15:56:17.452, -51, 1, 0, 3
15:56:20.452, -51, 1, 0, 3
15:56:23.451, -51, 1, 0, 3
15:56:26.452, -47, 1, 0, 3
15:56:29.481, -50, 1, 0, 3
15:56:32.486, -57, 1, 0, 3
15:56:35.488, -50, 1, 0, 3
15:56:38.493, -52, 1, 0, 3
15:56:41.495, -50, 1, 0, 3
15:56:44.497, -50, 1, 0, 3
15:56:47.500, -49, 1, 0, 3
15:56:50.496, -50, 1, 0, 3
15:56:53.502, -56, 1, 0, 3
15:56:56.506, -50, 1, 0, 3
15:56:59.509, -52, 1, 0, 3
15:57:02.511, -50, 1, 0, 3
15:57:05.515, -51, 1, 0, 3
15:57:08.513, -51, 1, 0, 3
15:57:11.507, -50, 1, 0, 3
15:57:14.506, -57, 1, 0, 3
15:57:17.507, -51, 1, 0, 3
15:57:20.540, -53, 1, 0, 3
15:57:23.542, -51, 1, 0, 3
15:57:26.542, -50, 1, 0, 3
15:57:29.516, -50, 1, 0, 3
15:57:32.549, -52, 1, 0, 3
15:57:35.552, -55, 1, 0, 3
15:57:38.546, -55, 1, 0, 3
15:57:41.536, -51, 1, 0, 3
15:57:44.560, -50, 1, 0, 3
15:57:47.565, -50, 1, 0, 3
15:57:50.560, -51, 1, 0, 3
15:57:53.555, -56, 1, 0, 3
15:57:56.553, -51, 1, 0, 3
15:57:59.558, -52, 1, 0, 3
15:58:02.561, -51, 1, 0, 3
15:58:05.565, -50, 1, 0, 3
15:58:08.567, -49, 1, 0, 3
15:58:11.566, -50, 1, 0, 3
15:58:14.595, -59, 1, 0, 3
15:58:17.567, -50, 1, 0, 3
15:58:20.601, -50, 1, 0, 3
15:58:23.602, -50, 1, 0, 3
15:58:26.599, -50, 1, 0, 3
15:58:29.602, -46, 1, 0, 3
15:58:32.605, -50, 1, 0, 3
15:58:35.610, -53, 1, 0, 3
15:58:38.613, -50, 1, 0, 3
15:58:41.615, -47, 1, 0, 3
15:58:44.615, -87, 1, 0, 3
16:00:28.537, -48, 1, 1, 3
16:00:31.540, -49, 1, 1, 3
16:00:34.541, -48, 1, 1, 3
16:00:37.539, -48, 1, 1, 3
16:00:40.544, -52, 1, 1, 3
16:00:43.548, -52, 1, 1, 3
16:00:46.547, -57, 1, 1, 3
16:00:49.551, -54, 1, 1, 3
16:00:52.557, -57, 1, 1, 3
16:00:55.556, -54, 1, 1, 3
16:00:58.588, -49, 1, 1, 3
16:01:01.590, -56, 1, 1, 3
16:01:04.592, -50, 1, 1, 3
16:01:07.594, -53, 1, 1, 3
16:01:10.597, -53, 1, 1, 3
16:01:13.599, -52, 1, 1, 3
16:01:16.598, -50, 1, 1, 3
16:01:19.597, -43, 1, 1, 3
16:01:22.601, -48, 1, 1, 3
16:01:25.606, -54, 1, 1, 3
16:01:28.606, -49, 1, 1, 3
16:01:31.609, -50, 1, 1, 3
16:01:34.612, -60, 1, 1, 3
16:01:37.615, -51, 1, 1, 3
16:01:40.619, -52, 1, 1, 3
16:01:43.622, -47, 1, 1, 3
16:01:46.617, -58, 1, 1, 3
16:01:49.619, -57, 1, 1, 3
16:01:52.618, -54, 1, 1, 3
16:01:55.650, -56, 1, 1, 3
16:01:58.621, -48, 1, 1, 3
16:02:01.652, -58, 1, 1, 3
16:02:04.653, -49, 1, 1, 3
16:02:07.658, -49, 1, 1, 3
16:02:10.660, -40, 1, 1, 3
16:02:13.661, -86, 1, 1, 3
16:07:47.427, -43, 0.5, 0, 0.050
16:07:47.523, -42, 0.5, 0, 0.050
16:07:47.621, -39, 0.5, 0, 0.050
16:07:47.718, -36, 0.5, 0, 0.050
16:07:47.879, -47, 0.5, 0, 0.050
16:07:47.975, -42, 0.5, 0, 0.050
16:07:48.071, -42, 0.5, 0, 0.050
16:07:48.168, -42, 0.5, 0, 0.050
16:07:48.266, -42, 0.5, 0, 0.050
16:07:48.395, -42, 0.5, 0, 0.050
16:07:48.492, -41, 0.5, 0, 0.050
16:07:48.590, -37, 0.5, 0, 0.050
16:07:48.686, -36, 0.5, 0, 0.050
16:07:48.814, -45, 0.5, 0, 0.050
16:07:48.943, -43, 0.5, 0, 0.050
16:07:49.041, -43, 0.5, 0, 0.050
16:07:49.138, -43, 0.5, 0, 0.050
16:07:49.234, -43, 0.5, 0, 0.050
16:07:49.331, -42, 0.5, 0, 0.050
16:07:49.428, -40, 0.5, 0, 0.050
16:07:49.686, -47, 0.5, 0, 0.050
16:07:49.782, -43, 0.5, 0, 0.050
16:07:49.880, -43, 0.5, 0, 0.050
16:07:49.978, -43, 0.5, 0, 0.050
16:07:50.075, -43, 0.5, 0, 0.050
16:07:50.173, -43, 0.5, 0, 0.050
16:07:50.303, -41, 0.5, 0, 0.050
16:07:50.400, -43, 0.5, 0, 0.050
16:07:50.530, -48, 0.5, 0, 0.050
16:07:50.627, -44, 0.5, 0, 0.050
16:07:50.723, -43, 0.5, 0, 0.050
16:07:50.852, -43, 0.5, 0, 0.050
16:07:50.949, -42, 0.5, 0, 0.050
16:07:51.045, -43, 0.5, 0, 0.050
16:07:51.143, -42, 0.5, 0, 0.050
16:07:51.239, -38, 0.5, 0, 0.050
16:07:51.335, -35, 0.5, 0, 0.050
16:07:51.497, -46, 0.5, 0, 0.050
16:07:51.594, -43, 0.5, 0, 0.050
16:07:51.692, -43, 0.5, 0, 0.050
16:07:51.788, -43, 0.5, 0, 0.050
16:07:51.884, -43, 0.5, 0, 0.050
16:07:51.980, -44, 0.5, 0, 0.050
16:07:52.108, -42, 0.5, 0, 0.050
16:07:52.204, -41, 0.5, 0, 0.050
16:07:52.333, -53, 0.5, 0, 0.050
16:07:52.463, -50, 0.5, 0, 0.050
16:07:52.560, -45, 0.5, 0, 0.050
16:07:52.657, -45, 0.5, 0, 0.050
16:07:52.754, -43, 0.5, 0, 0.050
16:07:52.851, -42, 0.5, 0, 0.050
16:07:53.044, -35, 0.5, 0, 0.050
16:07:53.140, -30, 0.5, 0, 0.050
16:07:53.300, -41, 0.5, 0, 0.050
16:07:53.396, -38, 0.5, 0, 0.050
16:07:53.492, -40, 0.5, 0, 0.050
16:07:53.588, -42, 0.5, 0, 0.050
16:07:53.685, -43, 0.5, 0, 0.050
16:07:53.912, -42, 0.5, 0, 0.050
16:07:54.138, -46, 0.5, 0, 0.050
16:07:54.267, -42, 0.5, 0, 0.050
16:07:54.364, -43, 0.5, 0, 0.050
16:07:54.460, -43, 0.5, 0, 0.050
16:07:54.557, -42, 0.5, 0, 0.050
16:07:54.653, -42, 0.5, 0, 0.050
16:07:54.750, -41, 0.5, 0, 0.050
16:07:54.846, -36, 0.5, 0, 0.050
16:07:55.007, -45, 0.5, 0, 0.050
16:07:55.104, -43, 0.5, 0, 0.050
16:07:55.199, -42, 0.5, 0, 0.050
16:07:55.296, -41, 0.5, 0, 0.050
16:07:55.424, -41, 0.5, 0, 0.050
16:07:55.523, -41, 0.5, 0, 0.050
16:07:55.620, -41, 0.5, 0, 0.050
16:07:55.716, -38, 0.5, 0, 0.050
16:07:55.812, -33, 0.5, 0, 0.050
16:07:55.974, -45, 0.5, 0, 0.050
16:07:56.071, -42, 0.5, 0, 0.050
16:07:56.168, -42, 0.5, 0, 0.050
16:07:56.265, -41, 0.5, 0, 0.050
16:07:56.361, -41, 0.5, 0, 0.050
16:07:56.457, -41, 0.5, 0, 0.050
16:07:56.554, -40, 0.5, 0, 0.050
16:07:56.650, -41, 0.5, 0, 0.050
16:07:56.812, -46, 0.5, 0, 0.050
16:07:56.907, -42, 0.5, 0, 0.050
16:07:57.004, -41, 0.5, 0, 0.050
16:07:57.101, -41, 0.5, 0, 0.050
16:07:57.230, -41, 0.5, 0, 0.050
16:07:57.327, -41, 0.5, 0, 0.050
16:07:57.424, -41, 0.5, 0, 0.050
16:07:57.520, -37, 0.5, 0, 0.050
16:07:57.617, -81, 0.5, 0, 0.050
16:07:57.779, -44, 0.5, 0, 0.050
16:07:57.876, -40, 0.5, 0, 0.050
16:07:57.972, -40, 0.5, 0, 0.050
16:07:58.069, -41, 0.5, 0, 0.050
16:07:58.165, -41, 0.5, 0, 0.050
16:07:58.261, -42, 0.5, 0, 0.050
16:07:58.358, -41, 0.5, 0, 0.050
16:07:58.455, -40, 0.5, 0, 0.050
16:07:58.616, -45, 0.5, 0, 0.050
16:07:58.712, -41, 0.5, 0, 0.050
16:07:58.809, -41, 0.5, 0, 0.050
16:07:58.938, -41, 0.5, 0, 0.050
16:07:59.035, -41, 0.5, 0, 0.050
16:07:59.131, -41, 0.5, 0, 0.050
16:07:59.227, -40, 0.5, 0, 0.050
16:07:59.324, -38, 0.5, 0, 0.050
16:07:59.420, -40, 0.5, 0, 0.050
16:07:59.582, -44, 0.5, 0, 0.050
16:07:59.679, -41, 0.5, 0, 0.050
16:07:59.776, -40, 0.5, 0, 0.050
16:07:59.872, -40, 0.5, 0, 0.050
16:07:59.968, -40, 0.5, 0, 0.050
16:08:00.065, -40, 0.5, 0, 0.050
16:08:00.162, -40, 0.5, 0, 0.050
16:08:00.291, -40, 0.5, 0, 0.050
16:08:00.419, -46, 0.5, 0, 0.050
16:08:00.515, -42, 0.5, 0, 0.050
16:08:00.643, -41, 0.5, 0, 0.050
16:08:00.739, -42, 0.5, 0, 0.050
16:08:00.836, -43, 0.5, 0, 0.050
16:08:00.933, -43, 0.5, 0, 0.050
16:08:01.028, -42, 0.5, 0, 0.050
16:08:01.125, -42, 0.5, 0, 0.050
16:08:01.286, -47, 0.5, 0, 0.050
16:08:01.384, -43, 0.5, 0, 0.050
16:08:01.481, -42, 0.5, 0, 0.050
16:08:01.577, -42, 0.5, 0, 0.050
16:08:01.674, -42, 0.5, 0, 0.050
16:08:01.770, -42, 0.5, 0, 0.050
16:08:01.899, -42, 0.5, 0, 0.050
16:08:01.995, -42, 0.5, 0, 0.050
16:08:02.091, -40, 0.5, 0, 0.050
16:08:02.252, -45, 0.5, 0, 0.050
16:08:02.349, -41, 0.5, 0, 0.050
16:08:02.446, -41, 0.5, 0, 0.050
16:08:02.542, -41, 0.5, 0, 0.050
16:08:02.638, -41, 0.5, 0, 0.050
16:08:02.734, -41, 0.5, 0, 0.050
16:08:02.925, -41, 0.5, 0, 0.050
16:08:03.087, -47, 0.5, 0, 0.050
16:08:03.184, -42, 0.5, 0, 0.050
16:08:03.281, -40, 0.5, 0, 0.050
16:08:03.378, -41, 0.5, 0, 0.050
16:08:03.474, -41, 0.5, 0, 0.050
16:08:03.604, -40, 0.5, 0, 0.050
16:08:03.700, -40, 0.5, 0, 0.050
16:08:03.797, -40, 0.5, 0, 0.050
16:08:03.894, -40, 0.5, 0, 0.050
16:19:04.683, -49, 0.5, 1, 0.050
16:19:04.780, -47, 0.5, 1, 0.050
16:19:04.877, -43, 0.5, 1, 0.050
16:19:05.070, -40, 0.5, 1, 0.050
16:19:05.165, -40, 0.5, 1, 0.050
16:19:05.261, -40, 0.5, 1, 0.050
16:19:05.423, -43, 0.5, 1, 0.050
16:19:05.518, -38, 0.5, 1, 0.050
16:19:05.615, -36, 0.5, 1, 0.050
16:19:05.711, -37, 0.5, 1, 0.050
16:19:05.809, -35, 0.5, 1, 0.050
16:19:05.938, -35, 0.5, 1, 0.050
16:19:06.036, -36, 0.5, 1, 0.050
16:19:06.133, -41, 0.5, 1, 0.050
16:19:06.230, -38, 0.5, 1, 0.050
16:19:06.391, -64, 0.5, 1, 0.050
16:19:06.488, -52, 0.5, 1, 0.050
16:19:06.584, -65, 0.5, 1, 0.050
16:19:06.680, -49, 0.5, 1, 0.050
16:19:06.777, -43, 0.5, 1, 0.050
16:19:06.874, -42, 0.5, 1, 0.050
16:19:06.971, -41, 0.5, 1, 0.050
16:19:07.070, -36, 0.5, 1, 0.050
16:19:07.167, -34, 0.5, 1, 0.050
16:19:07.328, -43, 0.5, 1, 0.050
16:19:07.425, -42, 0.5, 1, 0.050
16:19:07.521, -43, 0.5, 1, 0.050
16:19:07.617, -46, 0.5, 1, 0.050
16:19:07.746, -45, 0.5, 1, 0.050
16:19:07.843, -45, 0.5, 1, 0.050
16:19:07.939, -48, 0.5, 1, 0.050
16:19:08.036, -44, 0.5, 1, 0.050
16:19:08.197, -50, 0.5, 1, 0.050
16:19:08.295, -46, 0.5, 1, 0.050
16:19:08.392, -45, 0.5, 1, 0.050
16:19:08.488, -46, 0.5, 1, 0.050
16:19:08.585, -47, 0.5, 1, 0.050
16:19:08.681, -48, 0.5, 1, 0.050
16:19:08.777, -49, 0.5, 1, 0.050
16:19:08.873, -56, 0.5, 1, 0.050
16:19:09.001, -41, 0.5, 1, 0.050
16:19:09.131, -44, 0.5, 1, 0.050
16:19:09.227, -41, 0.5, 1, 0.050
16:19:09.324, -40, 0.5, 1, 0.050
16:19:09.453, -42, 0.5, 1, 0.050
16:19:09.550, -41, 0.5, 1, 0.050
16:19:09.647, -40, 0.5, 1, 0.050
16:19:09.744, -59, 0.5, 1, 0.050
16:19:09.839, -61, 0.5, 1, 0.050
16:19:09.937, -47, 0.5, 1, 0.050
16:19:10.099, -45, 0.5, 1, 0.050
16:19:10.195, -40, 0.5, 1, 0.050
16:19:10.291, -40, 0.5, 1, 0.050
16:19:10.388, -47, 0.5, 1, 0.050
16:19:10.485, -45, 0.5, 1, 0.050
16:19:10.581, -39, 0.5, 1, 0.050
16:19:10.711, -40, 0.5, 1, 0.050
16:19:10.808, -45, 0.5, 1, 0.050
16:19:10.936, -47, 0.5, 1, 0.050
16:19:11.034, -45, 0.5, 1, 0.050
16:19:11.163, -61, 0.5, 1, 0.050
16:19:11.292, -58, 0.5, 1, 0.050
16:19:11.390, -55, 0.5, 1, 0.050
16:19:11.487, -46, 0.5, 1, 0.050
16:19:11.616, -40, 0.5, 1, 0.050
16:19:11.713, -37, 0.5, 1, 0.050
16:19:11.841, -50, 0.5, 1, 0.050
16:19:11.938, -45, 0.5, 1, 0.050
16:19:12.035, -42, 0.5, 1, 0.050
16:19:12.165, -42, 0.5, 1, 0.050
16:19:12.261, -43, 0.5, 1, 0.050
16:19:12.357, -43, 0.5, 1, 0.050
16:19:12.453, -43, 0.5, 1, 0.050
16:19:12.551, -38, 0.5, 1, 0.050
16:19:12.648, -39, 0.5, 1, 0.050
16:19:12.809, -48, 0.5, 1, 0.050
16:19:12.906, -42, 0.5, 1, 0.050
16:19:13.003, -54, 0.5, 1, 0.050
16:25:18.911, -70, 1, 0, 0.050
16:25:19.009, -64, 1, 0, 0.050
16:25:19.104, -63, 1, 0, 0.050
16:25:19.201, -64, 1, 0, 0.050
16:25:19.425, -64, 1, 0, 0.050
16:25:19.618, -58, 1, 0, 0.050
16:25:19.714, -62, 1, 0, 0.050
16:25:19.874, -66, 1, 0, 0.050
16:25:19.971, -63, 1, 0, 0.050
16:25:20.068, -63, 1, 0, 0.050
16:25:20.165, -63, 1, 0, 0.050
16:25:20.262, -64, 1, 0, 0.050
16:25:20.359, -62, 1, 0, 0.050
16:25:20.454, -64, 1, 0, 0.050
16:25:20.583, -61, 1, 0, 0.050
16:25:20.712, -68, 1, 0, 0.050
16:25:20.809, -64, 1, 0, 0.050
16:25:20.905, -64, 1, 0, 0.050
16:25:21.036, -64, 1, 0, 0.050
16:25:21.133, -64, 1, 0, 0.050
16:25:21.231, -65, 1, 0, 0.050
16:25:21.327, -64, 1, 0, 0.050
16:25:21.424, -63, 1, 0, 0.050
16:25:21.522, -55, 1, 0, 0.050
16:25:21.684, -67, 1, 0, 0.050
16:25:21.780, -65, 1, 0, 0.050
16:25:21.974, -63, 1, 0, 0.050
16:25:22.071, -64, 1, 0, 0.050
16:25:22.167, -60, 1, 0, 0.050
16:25:22.264, -62, 1, 0, 0.050
16:25:22.394, -55, 1, 0, 0.050
16:25:22.523, -65, 1, 0, 0.050
16:25:22.619, -63, 1, 0, 0.050
16:25:22.715, -62, 1, 0, 0.050
16:25:22.844, -61, 1, 0, 0.050
16:25:22.940, -62, 1, 0, 0.050
16:25:23.036, -62, 1, 0, 0.050
16:25:23.133, -59, 1, 0, 0.050
16:25:23.328, -58, 1, 0, 0.050
16:25:23.489, -67, 1, 0, 0.050
16:25:23.585, -63, 1, 0, 0.050
16:25:23.681, -57, 1, 0, 0.050
16:25:23.779, -53, 1, 0, 0.050
16:25:23.876, -49, 1, 0, 0.050
16:25:23.973, -48, 1, 0, 0.050
16:25:24.071, -46, 1, 0, 0.050
16:25:24.199, -52, 1, 0, 0.050
16:25:24.328, -57, 1, 0, 0.050
16:25:24.424, -47, 1, 0, 0.050
16:25:24.521, -46, 1, 0, 0.050
16:25:24.748, -48, 1, 0, 0.050
16:25:24.845, -47, 1, 0, 0.050
16:25:24.942, -48, 1, 0, 0.050
16:25:25.038, -48, 1, 0, 0.050
16:25:25.135, -54, 1, 0, 0.050
16:25:25.298, -50, 1, 0, 0.050
16:25:25.393, -48, 1, 0, 0.050
16:25:25.491, -48, 1, 0, 0.050
16:25:25.586, -47, 1, 0, 0.050
16:25:25.683, -48, 1, 0, 0.050
16:25:25.780, -48, 1, 0, 0.050
16:25:25.877, -47, 1, 0, 0.050
16:25:26.006, -43, 1, 0, 0.050
16:25:26.134, -52, 1, 0, 0.050
16:25:26.232, -49, 1, 0, 0.050
16:25:26.330, -49, 1, 0, 0.050
16:25:26.427, -49, 1, 0, 0.050
16:25:26.555, -49, 1, 0, 0.050
16:25:26.652, -49, 1, 0, 0.050
16:25:26.749, -48, 1, 0, 0.050
16:25:26.847, -81, 1, 0, 0.050
16:25:26.943, -46, 1, 0, 0.050
16:25:27.103, -50, 1, 0, 0.050
16:25:27.200, -48, 1, 0, 0.050
16:25:27.297, -48, 1, 0, 0.050
16:25:27.393, -48, 1, 0, 0.050
16:25:27.500, -48, 1, 0, 0.050
16:25:27.588, -48, 1, 0, 0.050
16:25:27.685, -49, 1, 0, 0.050
16:25:27.782, -48, 1, 0, 0.050
16:25:27.943, -52, 1, 0, 0.050
16:25:28.039, -48, 1, 0, 0.050
16:25:28.136, -48, 1, 0, 0.050
16:25:28.264, -48, 1, 0, 0.050
16:25:28.361, -48, 1, 0, 0.050
16:25:28.457, -48, 1, 0, 0.050
16:25:28.553, -48, 1, 0, 0.050
16:25:28.650, -45, 1, 0, 0.050
16:25:28.746, -43, 1, 0, 0.050
16:25:28.908, -50, 1, 0, 0.050
16:25:29.004, -49, 1, 0, 0.050
16:25:29.100, -48, 1, 0, 0.050
16:25:29.197, -48, 1, 0, 0.050
16:25:29.293, -48, 1, 0, 0.050
16:25:29.422, -48, 1, 0, 0.050
16:25:29.517, -48, 1, 0, 0.050
16:25:29.614, -44, 1, 0, 0.050
16:25:29.743, -53, 1, 0, 0.050
16:25:29.871, -48, 1, 0, 0.050
16:25:29.967, -48, 1, 0, 0.050
16:25:30.063, -48, 1, 0, 0.050
16:25:30.160, -48, 1, 0, 0.050
16:25:30.255, -49, 1, 0, 0.050
16:25:30.351, -81, 1, 0, 0.050
16:25:30.449, -48, 1, 0, 0.050
16:25:30.544, -46, 1, 0, 0.050
16:25:30.803, -47, 1, 0, 0.050
16:25:30.899, -47, 1, 0, 0.050
16:25:30.996, -48, 1, 0, 0.050
16:25:31.125, -49, 1, 0, 0.050
16:25:31.220, -48, 1, 0, 0.050
16:25:31.318, -47, 1, 0, 0.050
16:25:31.414, -42, 1, 0, 0.050
16:25:31.575, -53, 1, 0, 0.050
16:25:31.671, -81, 1, 0, 0.050
16:25:31.767, -48, 1, 0, 0.050
16:25:31.863, -48, 1, 0, 0.050
16:25:31.960, -48, 1, 0, 0.050
16:25:32.056, -47, 1, 0, 0.050
16:25:32.154, -47, 1, 0, 0.050
16:25:32.251, -45, 1, 0, 0.050
16:25:32.380, -43, 1, 0, 0.050
16:25:32.509, -49, 1, 0, 0.050
16:25:32.606, -49, 1, 0, 0.050
16:25:32.701, -49, 1, 0, 0.050
16:25:32.831, -52, 1, 0, 0.050
16:25:32.927, -54, 1, 0, 0.050
16:25:33.025, -47, 1, 0, 0.050
16:25:33.121, -44, 1, 0, 0.050
16:25:33.220, -41, 1, 0, 0.050
16:25:33.381, -54, 1, 0, 0.050
16:25:33.478, -56, 1, 0, 0.050
16:25:33.574, -45, 1, 0, 0.050
16:25:33.671, -43, 1, 0, 0.050
16:25:33.768, -45, 1, 0, 0.050
16:25:33.863, -52, 1, 0, 0.050
16:25:33.959, -62, 1, 0, 0.050
16:25:34.186, -39, 1, 0, 0.050
16:25:34.314, -45, 1, 0, 0.050
16:25:34.409, -42, 1, 0, 0.050
16:25:34.537, -42, 1, 0, 0.050
16:25:34.635, -42, 1, 0, 0.050
16:25:34.730, -43, 1, 0, 0.050
16:25:34.827, -42, 1, 0, 0.050
16:25:34.926, -39, 1, 0, 0.050
16:25:35.023, -36, 1, 0, 0.050
16:25:35.183, -46, 1, 0, 0.050
16:25:35.279, -42, 1, 0, 0.050
16:25:35.375, -42, 1, 0, 0.050
16:25:35.473, -41, 1, 0, 0.050
16:25:35.568, -41, 1, 0, 0.050
16:26:37.393, -54, 1, 1, 0.050
16:26:37.554, -55, 1, 1, 0.050
16:26:37.650, -53, 1, 1, 0.050
16:26:37.747, -54, 1, 1, 0.050
16:26:37.843, -54, 1, 1, 0.050
16:26:37.972, -54, 1, 1, 0.050
16:26:38.069, -53, 1, 1, 0.050
16:26:38.165, -50, 1, 1, 0.050
16:26:38.262, -48, 1, 1, 0.050
16:26:38.422, -52, 1, 1, 0.050
16:26:38.520, -48, 1, 1, 0.050
16:26:38.617, -48, 1, 1, 0.050
16:26:38.713, -49, 1, 1, 0.050
16:26:38.811, -47, 1, 1, 0.050
16:26:38.909, -46, 1, 1, 0.050
16:26:39.006, -45, 1, 1, 0.050
16:26:39.103, -45, 1, 1, 0.050
16:26:39.199, -44, 1, 1, 0.050
16:26:39.360, -59, 1, 1, 0.050
16:26:39.456, -61, 1, 1, 0.050
16:26:39.553, -57, 1, 1, 0.050
16:26:39.649, -49, 1, 1, 0.050
16:26:39.778, -47, 1, 1, 0.050
16:26:39.875, -47, 1, 1, 0.050
16:26:39.972, -47, 1, 1, 0.050
16:26:40.069, -49, 1, 1, 0.050
16:26:40.165, -43, 1, 1, 0.050
16:26:40.326, -51, 1, 1, 0.050
16:26:40.421, -50, 1, 1, 0.050
16:26:40.519, -55, 1, 1, 0.050
16:26:40.616, -57, 1, 1, 0.050
16:26:40.714, -57, 1, 1, 0.050
16:26:40.811, -48, 1, 1, 0.050
16:26:40.907, -45, 1, 1, 0.050
16:26:41.003, -45, 1, 1, 0.050
16:26:41.165, -52, 1, 1, 0.050
16:26:41.262, -47, 1, 1, 0.050
16:26:41.358, -46, 1, 1, 0.050
16:26:41.487, -46, 1, 1, 0.050
16:26:41.583, -46, 1, 1, 0.050
16:26:41.679, -46, 1, 1, 0.050
16:26:41.775, -46, 1, 1, 0.050
16:26:41.871, -45, 1, 1, 0.050
16:26:41.967, -39, 1, 1, 0.050
16:26:42.128, -53, 1, 1, 0.050
16:26:42.225, -52, 1, 1, 0.050
16:26:42.321, -54, 1, 1, 0.050
16:26:42.419, -49, 1, 1, 0.050
16:26:42.516, -47, 1, 1, 0.050
16:26:42.613, -49, 1, 1, 0.050
16:26:42.709, -49, 1, 1, 0.050
16:26:42.839, -46, 1, 1, 0.050
16:26:42.968, -58, 1, 1, 0.050
16:26:43.064, -55, 1, 1, 0.050
16:26:43.160, -58, 1, 1, 0.050
16:26:43.289, -58, 1, 1, 0.050
16:26:43.385, -55, 1, 1, 0.050
16:26:43.483, -54, 1, 1, 0.050
16:26:43.579, -51, 1, 1, 0.050
16:26:43.675, -48, 1, 1, 0.050
16:26:43.773, -44, 1, 1, 0.050
16:26:43.934, -51, 1, 1, 0.050
16:26:44.030, -46, 1, 1, 0.050
16:26:44.127, -48, 1, 1, 0.050
16:26:44.223, -52, 1, 1, 0.050
16:26:44.321, -57, 1, 1, 0.050
16:26:44.418, -49, 1, 1, 0.050
16:26:44.516, -42, 1, 1, 0.050
16:26:44.645, -38, 1, 1, 0.050
16:26:44.742, -42, 1, 1, 0.050
16:26:44.871, -50, 1, 1, 0.050
16:26:45.000, -49, 1, 1, 0.050
16:26:45.097, -53, 1, 1, 0.050
16:26:45.193, -53, 1, 1, 0.050
16:26:45.289, -50, 1, 1, 0.050
16:26:45.385, -49, 1, 1, 0.050
16:26:45.482, -49, 1, 1, 0.050
16:26:45.579, -49, 1, 1, 0.050
16:26:45.739, -54, 1, 1, 0.050
16:26:45.836, -51, 1, 1, 0.050
16:26:45.933, -49, 1, 1, 0.050
16:26:46.030, -49, 1, 1, 0.050
16:26:46.127, -46, 1, 1, 0.050
16:26:46.224, -45, 1, 1, 0.050
16:26:46.353, -44, 1, 1, 0.050
16:26:46.449, -40, 1, 1, 0.050
16:26:46.546, -45, 1, 1, 0.050
16:26:46.675, -51, 1, 1, 0.050
16:26:46.806, -62, 1, 1, 0.050
16:26:46.902, -47, 1, 1, 0.050
16:26:46.999, -47, 1, 1, 0.050
16:26:47.095, -46, 1, 1, 0.050
16:26:47.190, -47, 1, 1, 0.050
16:26:47.288, -81, 1, 1, 0.050
16:26:47.385, -37, 1, 1, 0.050
16:26:47.546, -50, 1, 1, 0.050
16:26:47.642, -51, 1, 1, 0.050
16:26:47.740, -49, 1, 1, 0.050
16:26:47.837, -68, 1, 1, 0.050
16:26:47.934, -62, 1, 1, 0.050
16:26:48.031, -62, 1, 1, 0.050
16:26:48.159, -62, 1, 1, 0.050
16:26:48.254, -52, 1, 1, 0.050
16:26:48.351, -55, 1, 1, 0.050
16:26:48.512, -59, 1, 1, 0.050
16:26:48.609, -52, 1, 1, 0.050
16:26:48.705, -52, 1, 1, 0.050
16:26:48.802, -51, 1, 1, 0.050
16:26:48.899, -51, 1, 1, 0.050
16:26:48.995, -50, 1, 1, 0.050
16:26:49.092, -48, 1, 1, 0.050
16:26:49.188, -44, 1, 1, 0.050
16:26:49.349, -58, 1, 1, 0.050
16:26:49.446, -56, 1, 1, 0.050
16:26:49.640, -56, 1, 1, 0.050
16:26:49.769, -54, 1, 1, 0.050
16:26:49.866, -60, 1, 1, 0.050
16:26:50.059, -57, 1, 1, 0.050
16:26:50.154, -48, 1, 1, 0.050
16:26:50.316, -62, 1, 1, 0.050
16:26:50.413, -61, 1, 1, 0.050
16:26:50.510, -59, 1, 1, 0.050
16:26:50.607, -56, 1, 1, 0.050
16:26:50.703, -56, 1, 1, 0.050
16:26:50.800, -58, 1, 1, 0.050
16:26:50.897, -58, 1, 1, 0.050
16:26:50.993, -44, 1, 1, 0.050
16:26:51.154, -53, 1, 1, 0.050
16:26:51.251, -46, 1, 1, 0.050
16:26:51.347, -46, 1, 1, 0.050
16:26:51.475, -46, 1, 1, 0.050
16:26:51.571, -43, 1, 1, 0.050
16:26:51.669, -42, 1, 1, 0.050
16:26:51.765, -43, 1, 1, 0.050
16:26:52.119, -51, 1, 1, 0.050
16:26:52.215, -50, 1, 1, 0.050
16:26:52.313, -48, 1, 1, 0.050
16:26:52.410, -47, 1, 1, 0.050
16:26:52.505, -48, 1, 1, 0.050
16:26:52.603, -56, 1, 1, 0.050
16:26:52.700, -58, 1, 1, 0.050
16:26:52.828, -51, 1, 1, 0.050
16:26:52.956, -74, 1, 1, 0.050
16:26:53.149, -44, 1, 1, 0.050
16:26:53.279, -43, 1, 1, 0.050
16:26:53.472, -44, 1, 1, 0.050
16:26:53.568, -42, 1, 1, 0.050
16:26:53.665, -43, 1, 1, 0.050
16:28:46.051, -50, 2, 0, 0.050
16:28:46.212, -56, 2, 0, 0.050
16:28:46.308, -53, 2, 0, 0.050
16:28:46.405, -49, 2, 0, 0.050
16:28:46.503, -51, 2, 0, 0.050
16:28:46.599, -54, 2, 0, 0.050
16:28:46.729, -53, 2, 0, 0.050
16:28:46.834, -52, 2, 0, 0.050
16:28:46.922, -51, 2, 0, 0.050
16:28:47.019, -53, 2, 0, 0.050
16:28:47.180, -56, 2, 0, 0.050
16:28:47.275, -51, 2, 0, 0.050
16:28:47.372, -51, 2, 0, 0.050
16:28:47.467, -53, 2, 0, 0.050
16:28:47.565, -53, 2, 0, 0.050
16:28:47.661, -53, 2, 0, 0.050
16:28:47.758, -51, 2, 0, 0.050
16:28:47.855, -53, 2, 0, 0.050
16:28:47.984, -55, 2, 0, 0.050
16:28:48.114, -53, 2, 0, 0.050
16:28:48.212, -53, 2, 0, 0.050
16:28:48.308, -52, 2, 0, 0.050
16:28:48.405, -53, 2, 0, 0.050
16:28:48.534, -51, 2, 0, 0.050
16:28:48.630, -52, 2, 0, 0.050
16:28:48.726, -53, 2, 0, 0.050
16:28:48.823, -50, 2, 0, 0.050
16:28:48.963, -54, 2, 0, 0.050
16:28:49.060, -53, 2, 0, 0.050
16:28:49.189, -50, 2, 0, 0.050
16:28:49.286, -51, 2, 0, 0.050
16:28:49.382, -52, 2, 0, 0.050
16:28:49.478, -51, 2, 0, 0.050
16:28:49.575, -51, 2, 0, 0.050
16:28:49.672, -52, 2, 0, 0.050
16:28:49.768, -51, 2, 0, 0.050
16:28:49.928, -54, 2, 0, 0.050
16:28:50.025, -51, 2, 0, 0.050
16:28:50.122, -52, 2, 0, 0.050
16:28:50.218, -51, 2, 0, 0.050
16:28:50.314, -51, 2, 0, 0.050
16:28:50.443, -51, 2, 0, 0.050
16:28:50.540, -52, 2, 0, 0.050
16:28:50.636, -49, 2, 0, 0.050
16:28:50.797, -57, 2, 0, 0.050
16:28:50.894, -52, 2, 0, 0.050
16:28:50.990, -52, 2, 0, 0.050
16:28:51.086, -51, 2, 0, 0.050
16:28:51.183, -52, 2, 0, 0.050
16:28:51.279, -52, 2, 0, 0.050
16:28:51.377, -52, 2, 0, 0.050
16:28:51.474, -53, 2, 0, 0.050
16:28:51.603, -53, 2, 0, 0.050
16:28:51.731, -53, 2, 0, 0.050
16:28:51.827, -51, 2, 0, 0.050
16:28:51.924, -53, 2, 0, 0.050
16:28:52.022, -51, 2, 0, 0.050
16:28:52.151, -53, 2, 0, 0.050
16:28:52.248, -53, 2, 0, 0.050
16:28:52.346, -52, 2, 0, 0.050
16:28:52.442, -52, 2, 0, 0.050
16:28:52.603, -57, 2, 0, 0.050
16:28:52.699, -54, 2, 0, 0.050
16:28:52.796, -51, 2, 0, 0.050
16:28:52.892, -53, 2, 0, 0.050
16:28:52.989, -52, 2, 0, 0.050
16:28:53.084, -51, 2, 0, 0.050
16:28:53.180, -53, 2, 0, 0.050
16:28:53.277, -53, 2, 0, 0.050
16:28:53.407, -52, 2, 0, 0.050
16:28:53.536, -56, 2, 0, 0.050
16:28:53.633, -51, 2, 0, 0.050
16:28:53.761, -53, 2, 0, 0.050
16:28:53.857, -53, 2, 0, 0.050
16:28:53.954, -52, 2, 0, 0.050
16:28:54.050, -53, 2, 0, 0.050
16:28:54.148, -51, 2, 0, 0.050
16:28:54.244, -51, 2, 0, 0.050
16:28:54.340, -47, 2, 0, 0.050
16:28:54.500, -53, 2, 0, 0.050
16:28:54.597, -52, 2, 0, 0.050
16:28:54.695, -51, 2, 0, 0.050
16:28:54.792, -51, 2, 0, 0.050
16:28:54.889, -51, 2, 0, 0.050
16:28:54.986, -53, 2, 0, 0.050
16:28:55.114, -51, 2, 0, 0.050
16:28:55.211, -51, 2, 0, 0.050
16:28:55.341, -57, 2, 0, 0.050
16:28:55.438, -53, 2, 0, 0.050
16:28:55.567, -53, 2, 0, 0.050
16:28:55.665, -53, 2, 0, 0.050
16:28:55.763, -53, 2, 0, 0.050
16:28:55.860, -53, 2, 0, 0.050
16:28:55.957, -51, 2, 0, 0.050
16:28:56.053, -51, 2, 0, 0.050
16:28:56.149, -53, 2, 0, 0.050
16:28:56.311, -54, 2, 0, 0.050
16:28:56.407, -52, 2, 0, 0.050
16:28:56.505, -53, 2, 0, 0.050
16:28:56.602, -51, 2, 0, 0.050
16:28:56.697, -52, 2, 0, 0.050
16:28:56.794, -50, 2, 0, 0.050
16:28:57.059, -51, 2, 0, 0.050
16:28:57.150, -56, 2, 0, 0.050
16:28:57.246, -52, 2, 0, 0.050
16:28:57.342, -53, 2, 0, 0.050
16:28:57.471, -51, 2, 0, 0.050
16:28:57.568, -52, 2, 0, 0.050
16:28:57.667, -52, 2, 0, 0.050
16:28:57.763, -51, 2, 0, 0.050
16:28:57.859, -53, 2, 0, 0.050
16:28:57.954, -55, 2, 0, 0.050
16:28:58.116, -53, 2, 0, 0.050
16:28:58.212, -52, 2, 0, 0.050
16:28:58.310, -51, 2, 0, 0.050
16:28:58.406, -54, 2, 0, 0.050
16:28:58.501, -52, 2, 0, 0.050
16:28:58.631, -51, 2, 0, 0.050
16:28:58.726, -49, 2, 0, 0.050
16:28:58.824, -52, 2, 0, 0.050
16:28:58.951, -54, 2, 0, 0.050
16:28:59.082, -50, 2, 0, 0.050
16:28:59.179, -55, 2, 0, 0.050
16:28:59.275, -52, 2, 0, 0.050
16:28:59.371, -50, 2, 0, 0.050
16:28:59.468, -51, 2, 0, 0.050
16:28:59.564, -53, 2, 0, 0.050
16:28:59.660, -50, 2, 0, 0.050
16:28:59.756, -51, 2, 0, 0.050
16:28:59.918, -52, 2, 0, 0.050
16:29:00.015, -52, 2, 0, 0.050
16:29:00.111, -57, 2, 0, 0.050
16:29:00.207, -65, 2, 0, 0.050
16:30:30.977, -54, 2, 1, 0.050
16:30:31.107, -56, 2, 1, 0.050
16:30:31.203, -57, 2, 1, 0.050
16:30:31.299, -57, 2, 1, 0.050
16:30:31.396, -58, 2, 1, 0.050
16:30:31.492, -57, 2, 1, 0.050
16:30:31.588, -58, 2, 1, 0.050
16:30:31.750, -69, 2, 1, 0.050
16:30:31.846, -65, 2, 1, 0.050
16:30:31.943, -66, 2, 1, 0.050
16:30:32.202, -62, 2, 1, 0.050
16:30:32.299, -64, 2, 1, 0.050
16:30:32.394, -66, 2, 1, 0.050
16:30:32.492, -60, 2, 1, 0.050
16:30:32.589, -51, 2, 1, 0.050
16:30:32.752, -57, 2, 1, 0.050
16:30:32.849, -56, 2, 1, 0.050
16:30:32.944, -57, 2, 1, 0.050
16:30:33.041, -59, 2, 1, 0.050
16:30:33.138, -58, 2, 1, 0.050
16:30:33.234, -58, 2, 1, 0.050
16:30:33.363, -57, 2, 1, 0.050
16:30:33.588, -58, 2, 1, 0.050
16:30:33.718, -56, 2, 1, 0.050
16:30:33.815, -59, 2, 1, 0.050
16:30:33.912, -60, 2, 1, 0.050
16:30:34.010, -58, 2, 1, 0.050
16:30:34.106, -54, 2, 1, 0.050
16:30:34.201, -54, 2, 1, 0.050
16:30:34.298, -59, 2, 1, 0.050
16:30:34.394, -55, 2, 1, 0.050
16:30:34.556, -68, 2, 1, 0.050
16:30:34.654, -58, 2, 1, 0.050
16:30:34.751, -56, 2, 1, 0.050
16:30:34.847, -54, 2, 1, 0.050
16:30:34.944, -53, 2, 1, 0.050
16:30:35.041, -49, 2, 1, 0.050
16:30:35.171, -54, 2, 1, 0.050
16:30:35.267, -61, 2, 1, 0.050
16:30:35.396, -60, 2, 1, 0.050
16:30:35.525, -55, 2, 1, 0.050
16:30:35.621, -53, 2, 1, 0.050
16:30:35.717, -53, 2, 1, 0.050
16:30:35.814, -56, 2, 1, 0.050
16:30:35.910, -52, 2, 1, 0.050
16:30:36.006, -49, 2, 1, 0.050
16:30:36.102, -47, 2, 1, 0.050
16:30:36.199, -43, 2, 1, 0.050
16:30:36.361, -53, 2, 1, 0.050
16:30:36.458, -56, 2, 1, 0.050
16:30:36.554, -69, 2, 1, 0.050
16:30:36.909, -65, 2, 1, 0.050
16:30:37.005, -59, 2, 1, 0.050
16:30:37.359, -69, 2, 1, 0.050
16:30:37.809, -62, 2, 1, 0.050
16:30:37.906, -55, 2, 1, 0.050
16:30:38.002, -56, 2, 1, 0.050
16:30:38.164, -60, 2, 1, 0.050
16:30:38.262, -58, 2, 1, 0.050
16:30:38.357, -60, 2, 1, 0.050
16:30:38.453, -62, 2, 1, 0.050
16:30:38.582, -62, 2, 1, 0.050
16:30:38.678, -55, 2, 1, 0.050
16:30:38.775, -55, 2, 1, 0.050
16:30:38.872, -54, 2, 1, 0.050
16:30:39.032, -59, 2, 1, 0.050
16:30:39.128, -57, 2, 1, 0.050
16:30:39.225, -56, 2, 1, 0.050
16:30:39.322, -59, 2, 1, 0.050
16:30:39.420, -58, 2, 1, 0.050
16:30:39.516, -54, 2, 1, 0.050
16:30:39.612, -52, 2, 1, 0.050
16:30:39.709, -52, 2, 1, 0.050
16:30:39.839, -52, 2, 1, 0.050
16:30:39.967, -55, 2, 1, 0.050
16:30:40.065, -53, 2, 1, 0.050
16:30:40.163, -54, 2, 1, 0.050
16:30:40.293, -55, 2, 1, 0.050
16:30:40.390, -57, 2, 1, 0.050
16:30:40.487, -64, 2, 1, 0.050
16:30:41.034, -61, 2, 1, 0.050
16:30:41.130, -65, 2, 1, 0.050
16:30:41.615, -57, 2, 1, 0.050
16:30:59.668, -61, 2, 1, 0.050
16:30:59.763, -53, 2, 1, 0.050
16:30:59.861, -49, 2, 1, 0.050
16:30:59.991, -65, 2, 1, 0.050
16:31:00.120, -68, 2, 1, 0.050
16:31:01.058, -65, 2, 1, 0.050
16:31:01.155, -64, 2, 1, 0.050
16:31:01.252, -64, 2, 1, 0.050
16:31:01.347, -61, 2, 1, 0.050
16:31:01.443, -57, 2, 1, 0.050
16:31:01.573, -57, 2, 1, 0.050
16:31:01.671, -57, 2, 1, 0.050
16:31:01.799, -58, 2, 1, 0.050
16:31:01.897, -57, 2, 1, 0.050
16:31:02.025, -59, 2, 1, 0.050
16:31:02.121, -59, 2, 1, 0.050
16:31:02.219, -55, 2, 1, 0.050
16:31:02.315, -55, 2, 1, 0.050
16:31:02.413, -58, 2, 1, 0.050
16:31:02.509, -54, 2, 1, 0.050
16:31:02.606, -51, 2, 1, 0.050
16:31:02.768, -61, 2, 1, 0.050
16:31:02.864, -54, 2, 1, 0.050
16:31:02.961, -55, 2, 1, 0.050
16:31:03.058, -69, 2, 1, 0.050
16:31:03.315, -57, 2, 1, 0.050
16:31:03.509, -43, 2, 1, 0.050
16:31:03.767, -47, 2, 1, 0.050
16:31:03.863, -49, 2, 1, 0.050
16:31:03.960, -49, 2, 1, 0.050
16:31:04.058, -49, 2, 1, 0.050
16:31:04.153, -52, 2, 1, 0.050
16:31:04.282, -53, 2, 1, 0.050
16:31:04.378, -57, 2, 1, 0.050
16:31:04.506, -57, 2, 1, 0.050
16:31:04.635, -55, 2, 1, 0.050
16:31:04.732, -59, 2, 1, 0.050
16:31:04.829, -58, 2, 1, 0.050
16:31:04.925, -53, 2, 1, 0.050
16:31:05.022, -51, 2, 1, 0.050
16:31:05.118, -49, 2, 1, 0.050
16:31:05.214, -48, 2, 1, 0.050
16:31:05.311, -52, 2, 1, 0.050
16:31:05.472, -62, 2, 1, 0.050
16:31:05.569, -65, 2, 1, 0.050
16:31:06.020, -61, 2, 1, 0.050
16:31:06.115, -61, 2, 1, 0.050
16:31:06.887, -62, 2, 1, 0.050
16:31:06.983, -60, 2, 1, 0.050
16:31:07.080, -58, 2, 1, 0.050